epoch,loss,val_loss
0,0.08121493543413552,0.14394958317279816
